{
    "section1": {
        "files": [
            {
                "url": "assets/images_environment/burn_house.png",
                "type": "image",
                "key": "burn_house"
            },
            {
                "url": "components/Countdown.js",
                "type": "script",
                "key": "Countdown"
            },
            {
                "url": "components/DepthSortY.js",
                "type": "script",
                "key": "DepthSortY"
            },
            {
                "url": "assets/images_player/down_1.png",
                "type": "image",
                "key": "down_1"
            },
            {
                "url": "assets/images_player/down_2.png",
                "type": "image",
                "key": "down_2"
            },
            {
                "url": "assets/images_player/down_3.png",
                "type": "image",
                "key": "down_3"
            },
            {
                "url": "assets/images_player/down_idle.png",
                "type": "image",
                "key": "down_idle"
            },
            {
                "url": "assets/tiled/exit_tile.png",
                "type": "image",
                "key": "exit_tile"
            },
            {
                "url": "assets/tiled/Fire_exit_uusi.json",
                "type": "tilemapTiledJSON",
                "key": "Fire_exit_uusi"
            },
            {
                "url": "assets/images_environment/FireMenu.png",
                "type": "image",
                "key": "FireMenu"
            },
            {
                "url": "components/FixedToCamera.js",
                "type": "script",
                "key": "FixedToCamera"
            },
            {
                "url": "components/Flame.js",
                "type": "script",
                "key": "Flame"
            },
            {
                "url": "assets/images_environment/flame_big_1.png",
                "type": "image",
                "key": "flame_big_1"
            },
            {
                "url": "assets/images_environment/flame_big_2.png",
                "type": "image",
                "key": "flame_big_2"
            },
            {
                "url": "assets/images_environment/flame_big_3.png",
                "type": "image",
                "key": "flame_big_3"
            },
            {
                "url": "assets/images_environment/flame_big_4.png",
                "type": "image",
                "key": "flame_big_4"
            },
            {
                "url": "assets/images_environment/flame_big_5.png",
                "type": "image",
                "key": "flame_big_5"
            },
            {
                "url": "assets/images_environment/gameOver.png",
                "type": "image",
                "key": "gameOver"
            },
            {
                "url": "assets/images_environment/heart_64.png",
                "type": "image",
                "key": "heart_64"
            },
            {
                "url": "assets/images_environment/hearts.PNG",
                "type": "image",
                "key": "hearts"
            },
            {
                "url": "assets/images_player/left_1.png",
                "type": "image",
                "key": "left_1"
            },
            {
                "url": "assets/images_player/left_2.png",
                "type": "image",
                "key": "left_2"
            },
            {
                "url": "assets/images_player/left_3.png",
                "type": "image",
                "key": "left_3"
            },
            {
                "url": "assets/images_player/left_4.png",
                "type": "image",
                "key": "left_4"
            },
            {
                "url": "assets/images_player/left_idle.png",
                "type": "image",
                "key": "left_idle"
            },
            {
                "url": "assets/Level.js",
                "type": "sceneFile",
                "key": "Level"
            },
            {
                "url": "assets/Menu.js",
                "type": "sceneFile",
                "key": "Menu"
            },
            {
                "url": "components/Movement.js",
                "type": "script",
                "key": "Movement"
            },
            {
                "url": "components/Physics.js",
                "type": "script",
                "key": "Physics"
            },
            {
                "url": "components/player-animations.json",
                "type": "animation",
                "key": "player-animations"
            },
            {
                "url": "assets/images_environment/restart.png",
                "type": "image",
                "key": "restart"
            },
            {
                "url": "assets/images_player/right_1.png",
                "type": "image",
                "key": "right_1"
            },
            {
                "url": "assets/images_player/right_2.png",
                "type": "image",
                "key": "right_2"
            },
            {
                "url": "assets/images_player/right_3.png",
                "type": "image",
                "key": "right_3"
            },
            {
                "url": "assets/images_player/right_4.png",
                "type": "image",
                "key": "right_4"
            },
            {
                "url": "assets/images_player/right_idle.png",
                "type": "image",
                "key": "right_idle"
            },
            {
                "url": "assets/tiled/tiles.png",
                "type": "image",
                "key": "tiles"
            },
            {
                "url": "assets/images_player/up_1.png",
                "type": "image",
                "key": "up_1"
            },
            {
                "url": "assets/images_player/up_2.png",
                "type": "image",
                "key": "up_2"
            },
            {
                "url": "assets/images_player/up_3.png",
                "type": "image",
                "key": "up_3"
            },
            {
                "url": "assets/images_player/up_idle.png",
                "type": "image",
                "key": "up_idle"
            },
            {
                "url": "assets/images_environment/wall_tile.png",
                "type": "image",
                "key": "wall_tile"
            }
        ]
    },
    "meta": {
        "app": "Phaser Editor 2D - Asset Pack Editor",
        "contentType": "phasereditor2d.pack.core.AssetContentType",
        "url": "https://phasereditor2d.com",
        "version": 2
    }
}